{
    "wth2o": [
        0.0028291915078390573,
        0.014754558114720399,
        0.021886541376607518,
        0.02776880466777806,
        0.032905081501725733,
        0.037501077814959143,
        0.041676112209316135,
        0.045513552896289021,
        0.049075919370966066,
        0.052410353967345627,
        0.055551649151735806,
        0.058520556056781477,
        0.061341249592903734,
        0.064022093062243435,
        0.06656678708002875,
        0.068976792951633059,
        0.071252154586429528,
        0.073392221875225483,
        0.075396305014314713,
        0.077264251764701863,
        0.07899691670465811,
        0.080596485155492392,
        0.082066624863591772,
        0.0834124615405613,
        0.084640401465282317,
        0.085757846017139538,
        0.0867728527159232,
        0.087693794068615563,
        0.088529052942378589,
        0.0892867769652183,
        0.089974699517275922,
        0.090600023965769119,
        0.091169361525826428,
        0.0916887107343948,
        0.092163466741310276,
        0.092598450243863192,
        0.092997948024565125,
        0.093365759164307421,
        0.093705242816942313,
        0.094019364870492964,
        0.09431074188477348,
        0.094581681449370014,
        0.094834218613349411,
        0.095070148363749232,
        0.095291054329040892,
        0.095498333985243475,
        0.095693220701054529,
        0.095876802964300137,
        0.096050041125629412,
        0.096213781974291118
    ],
    "wtco2": [
        1.187341323379401E-7,
        3.1182878800908819E-6,
        7.0177784810400631E-6,
        1.1847505455331556E-5,
        1.7784278275271205E-5,
        2.5075550034087805E-5,
        3.4013386885557744E-5,
        4.4916914917115391E-5,
        5.8126268208756696E-5,
        7.4006706931325974E-5,
        9.2956883755995829E-5,
        0.00011548730733229935,
        0.00014203955507304672,
        0.00017308087054181804,
        0.00020911116966115925,
        0.00025064342451533526,
        0.00029819037123215996,
        0.00035224734124616878,
        0.00041327238172909767,
        0.00048166577640752317,
        0.00055775176497991155,
        0.000641765381865668,
        0.00073384670123220546,
        0.00083404349160113439,
        0.00094232171965003475,
        0.0010585819994157909,
        0.0011826793357761914,
        0.0013144434729357136,
        0.0014536976765561164,
        0.0016002745663729098,
        0.001754028402677948,
        0.0019148438444829821,
        0.0020826415823329068,
        0.0022573814270679384,
        0.00243906346505297,
        0.0026277278317313928,
        0.0028234535575679472,
        0.0030263568343472484,
        0.0032365889535837205,
        0.00345433408863557,
        0.0036798070301628711,
        0.0039132509384114033,
        0.00415493514314696,
        0.0044051529988388422,
        0.0046642197894030835,
        0.0049324706640567692,
        0.0052102585841740665,
        0.0054979522552432956,
        0.0057959340160478887,
        0.0061045976656805365
    ],
    "xh2og": [
        0.928437341945654,
        0.91982494754723021,
        0.91349514623979367,
        0.907396323571608,
        0.90126107335238059,
        0.89498746917160221,
        0.88851171155451125,
        0.8817757892321989,
        0.8747189153594761,
        0.8672769856172029,
        0.85938427638974191,
        0.85098972311634558,
        0.84200912469213174,
        0.8323892618522214,
        0.82208824750201392,
        0.81107403648569454,
        0.79932755892471352,
        0.78684592446444268,
        0.77364517332210947,
        0.759761995210816,
        0.74525390545369929,
        0.73019758540585233,
        0.71468542886747344,
        0.69882069488467291,
        0.68271193418505338,
        0.66646744713533368,
        0.65019043377872343,
        0.63397526902418755,
        0.61790506894670671,
        0.60205048632392555,
        0.586469526664893,
        0.57120811399645754,
        0.55630113869778208,
        0.54177376083842677,
        0.52764279817621562,
        0.51391808262323613,
        0.500603714949044,
        0.48769918179125477,
        0.47520032291498493,
        0.46310015139565475,
        0.45138953799434051,
        0.44005777496659354,
        0.42909303578645752,
        0.4184827467693395,
        0.40821388495367122,
        0.39827321548641559,
        0.38864747906071678,
        0.37932353891844889,
        0.370288494685578,
        0.36152977025371635
    ],
    "pressure": [
        1.0E+6,
        2.058E+7,
        4.016E+7,
        5.9739999999999993E+7,
        7.932E+7,
        9.8899999999999985E+7,
        1.1847999999999999E+8,
        1.3806E+8,
        1.5764E+8,
        1.7721999999999997E+8,
        1.9679999999999997E+8,
        2.1638000000000003E+8,
        2.3595999999999997E+8,
        2.5553999999999997E+8,
        2.7512E+8,
        2.947E+8,
        3.1428E+8,
        3.3385999999999994E+8,
        3.5343999999999994E+8,
        3.7302E+8,
        3.9259999999999994E+8,
        4.1217999999999994E+8,
        4.3176000000000006E+8,
        4.5134E+8,
        4.7091999999999994E+8,
        4.9049999999999988E+8,
        5.1007999999999994E+8,
        5.2965999999999994E+8,
        5.4924E+8,
        5.6881999999999988E+8,
        5.884E+8,
        6.0797999999999988E+8,
        6.2756E+8,
        6.4714E+8,
        6.6671999999999988E+8,
        6.863E+8,
        7.0587999999999988E+8,
        7.2545999999999988E+8,
        7.4504E+8,
        7.6461999999999988E+8,
        7.8419999999999988E+8,
        8.0378E+8,
        8.2335999999999988E+8,
        8.4294E+8,
        8.6252000000000012E+8,
        8.821E+8,
        9.0168E+8,
        9.2125999999999988E+8,
        9.4083999999999988E+8,
        9.6041999999999988E+8
    ]
}