{
    "wth2o": [
        0.002773884266623118,
        0.014190313877719282,
        0.020569298298577607,
        0.025278326632820865,
        0.028725037249608541,
        0.031145557633115592,
        0.032806554208914943,
        0.03395693813063911,
        0.034777842144961837,
        0.035384999012477027,
        0.035849533974486564,
        0.036215366193708222,
        0.036509985816909521,
        0.036751781820449622,
        0.036953452665374038,
        0.037123993689372706,
        0.0372699319559123,
        0.037396108057209713,
        0.037506183437645939,
        0.0376029774127351,
        0.037688695990616777,
        0.037765090395227748,
        0.037833568949982521,
        0.037895277426910928,
        0.037951157693713156,
        0.038001991181883008,
        0.03804843157549001,
        0.038091029733153689,
        0.038130252933371016,
        0.038166499916103241,
        0.038200112768669692,
        0.038231386413147578,
        0.0382605762490146,
        0.038287904359980918,
        0.038313564592506538,
        0.038337726738347649,
        0.038360539999053832,
        0.038382135872382116,
        0.0384026305657708,
        0.038422127025646291,
        0.03844071664795113,
        0.038458480726139055,
        0.038475491679777471,
        0.038491814099941415,
        0.038507505640620658,
        0.038522617780151043,
        0.038537196472520338,
        0.038551282705020624,
        0.038564912975937123,
        0.038578119703743717
    ],
    "wtco2": [
        2.7540203422001862E-7,
        8.97683503877785E-6,
        2.4058814197509448E-5,
        4.8068179833804208E-5,
        8.3792299068184727E-5,
        0.00013233855656443049,
        0.00019249039844076773,
        0.00026194163391949439,
        0.00033856624209300921,
        0.0004208038345842932,
        0.00050758022902422167,
        0.00059754224471545879,
        0.00069072486932269248,
        0.00078678773476844807,
        0.00088536287905246591,
        0.00098616140993964727,
        0.001088957759056946,
        0.0011935786944713097,
        0.0012998952449123748,
        0.001407816444546526,
        0.0015172842669876382,
        0.0016282693867681261,
        0.0017407675684669372,
        0.001854796565015338,
        0.0019703934564513051,
        0.0020876123817756688,
        0.0022065226251074752,
        0.0023272070196473918,
        0.0024497606385697744,
        0.0025742897361799022,
        0.002700910909040388,
        0.0028297504459391708,
        0.0029609438390683527,
        0.0030946354304878555,
        0.0032309781719859006,
        0.003370133478443249,
        0.0035122711565557744,
        0.0036575693977192333,
        0.0038062148160602155,
        0.0039584025278211832,
        0.00411433625663549,
        0.0042742284601164056,
        0.0044383004679248569,
        0.0046067826257151986,
        0.0047799144379065146,
        0.004957944703440794,
        0.0051411316385043459,
        0.0053297429803286119,
        0.0055240560661157668,
        0.0057243578809265169
    ],
    "xh2og": [
        0.84331688535030547,
        0.78838512137882288,
        0.73583925397397165,
        0.67586074032645893,
        0.61076363361465424,
        0.54658311690881012,
        0.48864289616887774,
        0.438999526221103,
        0.39728612088193854,
        0.36225820154335814,
        0.33261856119785016,
        0.30726669931403239,
        0.2854237943354388,
        0.26645657199050221,
        0.24985915897583974,
        0.23523123044691754,
        0.22225446073424709,
        0.21067385916800044,
        0.20028340733936437,
        0.19091513363458421,
        0.18243082714185815,
        0.17471574361303763,
        0.16767380577622068,
        0.16122392204025543,
        0.15529714369943948,
        0.14983445235248011,
        0.14478502280528655,
        0.1401048465005984,
        0.13575563044793085,
        0.13170390781371727,
        0.12792031291920877,
        0.12437898501863219,
        0.1210570739176878,
        0.11793432709988379,
        0.11499274253068578,
        0.11221627500690741,
        0.10959058660397923,
        0.10710283325754859,
        0.10474148210478026,
        0.10249615392648222,
        0.10035748731459546,
        0.098317020867989088,
        0.096367090937620109,
        0.094500742580908417,
        0.092711651822748237,
        0.0909940576525827,
        0.089342702412090011,
        0.087752779423752217,
        0.086219886901541767,
        0.084739987312218185
    ],
    "pressure": [
        1.0E+6,
        2.058E+7,
        4.016E+7,
        5.9739999999999993E+7,
        7.932E+7,
        9.8899999999999985E+7,
        1.1847999999999999E+8,
        1.3806E+8,
        1.5764E+8,
        1.7721999999999997E+8,
        1.9679999999999997E+8,
        2.1638000000000003E+8,
        2.3595999999999997E+8,
        2.5553999999999997E+8,
        2.7512E+8,
        2.947E+8,
        3.1428E+8,
        3.3385999999999994E+8,
        3.5343999999999994E+8,
        3.7302E+8,
        3.9259999999999994E+8,
        4.1217999999999994E+8,
        4.3176000000000006E+8,
        4.5134E+8,
        4.7091999999999994E+8,
        4.9049999999999988E+8,
        5.1007999999999994E+8,
        5.2965999999999994E+8,
        5.4924E+8,
        5.6881999999999988E+8,
        5.884E+8,
        6.0797999999999988E+8,
        6.2756E+8,
        6.4714E+8,
        6.6671999999999988E+8,
        6.863E+8,
        7.0587999999999988E+8,
        7.2545999999999988E+8,
        7.4504E+8,
        7.6461999999999988E+8,
        7.8419999999999988E+8,
        8.0378E+8,
        8.2335999999999988E+8,
        8.4294E+8,
        8.6252000000000012E+8,
        8.821E+8,
        9.0168E+8,
        9.2125999999999988E+8,
        9.4083999999999988E+8,
        9.6041999999999988E+8
    ]
}