{
    "wth2o": [
        0.002816197189941398,
        0.013962609271376587,
        0.020582988583221065,
        0.02598002088894039,
        0.030619389913961192,
        0.034679009974676024,
        0.038252267551326893,
        0.041398907284683734,
        0.0441620461308532,
        0.046575582155977152,
        0.04866895008721004,
        0.05047068420354759,
        0.052014342936376981,
        0.053328661412882526,
        0.054442220912547308,
        0.0553838794959076,
        0.05618078126259525,
        0.056857153664819873,
        0.05743380310921558,
        0.057928131304919861,
        0.05835444930396301,
        0.058724414253223445,
        0.059047480937093423,
        0.0593313136976796,
        0.059582138130157426,
        0.059805030171499664,
        0.060004148524019307,
        0.060182919199542412,
        0.060344181127151578,
        0.06049030078454902,
        0.060623262494734022,
        0.060744739727970606,
        0.060856151616176087,
        0.060958707953640973,
        0.061053445215615933,
        0.061141255547154744,
        0.0612229102265088,
        0.061299078765232017,
        0.061370344543845504,
        0.061437217681878611,
        0.061500145687009129,
        0.061559522311775187,
        0.061615694952957031,
        0.061668970862455028,
        0.061719622380925293,
        0.061767891365612233,
        0.061813992949030186,
        0.0618581187401855,
        0.061900439558690776,
        0.061941107776324562
    ],
    "wtco2": [
        1.5580521590636541E-7,
        4.01277269498816E-6,
        9.460977528353125E-6,
        1.6730579451359407E-5,
        2.630663728279966E-5,
        3.8841200674115715E-5,
        5.5118989971163595E-5,
        7.6009746231362832E-5,
        0.00010240477943480323,
        0.00013513849316075711,
        0.00017489945824769707,
        0.00022214871945492554,
        0.00027690529827938663,
        0.00033922413641721889,
        0.00040874126394853426,
        0.0004849189730721607,
        0.00056714618074143,
        0.0006548077317694922,
        0.000747329267322361,
        0.00084420070511763423,
        0.00094498471439406762,
        0.0010493162282365362,
        0.0011568973844554896,
        0.0012674906293998331,
        0.0013809115025268414,
        0.0014970218454737417,
        0.0016157237424566282,
        0.0017369542673866913,
        0.0018606810016839237,
        0.0019868982464897617,
        0.0021156238370913681,
        0.0022468964727347745,
        0.0023807734833957714,
        0.0025173289655719489,
        0.0026566522299183637,
        0.0027988465099078584,
        0.0029440278932164861,
        0.0030923244375355226,
        0.00324387544271052,
        0.0033988308529400014,
        0.0035573507666416516,
        0.0037196050357757356,
        0.003885772936163765,
        0.0040560428959988707,
        0.0042306122675842281,
        0.0044096871324178586,
        0.0045934821275003717,
        0.0047822202840714246,
        0.0049761328695557853,
        0.0051754592245392746
    ],
    "xh2og": [
        0.9073955965763868,
        0.88960588685080166,
        0.87513881451698072,
        0.86002756815795056,
        0.84361999740332261,
        0.82560798948507053,
        0.80581115534742842,
        0.78413839720629885,
        0.7605982939129895,
        0.73532565214753864,
        0.70859911074535564,
        0.68082931307194938,
        0.65242045616064592,
        0.62390390457791489,
        0.59580181497964713,
        0.56853951401577807,
        0.5424248479049496,
        0.51765100842275369,
        0.49431490943412504,
        0.47244080962225005,
        0.45200269888327743,
        0.43294258406061537,
        0.41518411667753857,
        0.39864210799575761,
        0.38322882700217048,
        0.36885795679263311,
        0.35544692817346235,
        0.34291817043351491,
        0.33119966325238448,
        0.32022505364707404,
        0.30993351357970322,
        0.3002694529054698,
        0.29118216049149248,
        0.28262541862169482,
        0.27455711770674279,
        0.26693888645326391,
        0.25973574574114,
        0.25291578939918558,
        0.24644989282878343,
        0.24031144863911572,
        0.23447612780275473,
        0.22892166416736751,
        0.22362766061590078,
        0.21857541446527867,
        0.2137477604610955,
        0.20912892941892555,
        0.20470442100998557,
        0.20046088913547566,
        0.19638603872959892,
        0.19246853261293437
    ],
    "pressure": [
        1.0E+6,
        1.898E+7,
        3.696E+7,
        5.494E+7,
        7.292E+7,
        9.09E+7,
        1.0888E+8,
        1.2685999999999999E+8,
        1.4484E+8,
        1.6282E+8,
        1.808E+8,
        1.9878E+8,
        2.1676E+8,
        2.3474E+8,
        2.5271999999999997E+8,
        2.707E+8,
        2.8868E+8,
        3.0666E+8,
        3.2464E+8,
        3.4262E+8,
        3.606E+8,
        3.7858E+8,
        3.9656E+8,
        4.1454000000000006E+8,
        4.3252E+8,
        4.505E+8,
        4.6848E+8,
        4.8646000000000006E+8,
        5.0443999999999994E+8,
        5.2241999999999994E+8,
        5.404E+8,
        5.5838E+8,
        5.7636E+8,
        5.9434E+8,
        6.1232E+8,
        6.3030000000000012E+8,
        6.4828E+8,
        6.6626E+8,
        6.8424E+8,
        7.0222E+8,
        7.202E+8,
        7.3818000000000012E+8,
        7.5616E+8,
        7.7414E+8,
        7.9212E+8,
        8.101E+8,
        8.2808000000000012E+8,
        8.4606E+8,
        8.6404E+8,
        8.8202000000000012E+8
    ]
}